Accounting;Accountant I;Female;28
Accounting;Accountant II;Female;45
Accounting;Accountant III;Female;42
Accounting;Accountant IV;Female;37
Accounting;Accounting Assistant I;Female;38
Accounting;Accounting Assistant II;Female;31
Accounting;Accounting Assistant III;Female;31
Accounting;Accounting Assistant IV;Female;46
Accounting;Actuary;Female;12
Accounting;Administrative Assistant I;Female;3
Accounting;Administrative Assistant II;Female;4
Accounting;Administrative Assistant III;Female;6
Accounting;Administrative Assistant IV;Female;3
Accounting;Administrative Officer;Female;12
Accounting;Budget/Accounting Analyst I;Female;78
Accounting;Budget/Accounting Analyst II;Female;65
Accounting;Budget/Accounting Analyst III;Female;71
Accounting;Budget/Accounting Analyst IV;Female;78
Accounting;Cost Accountant;Female;129
Accounting;Financial Advisor;Female;13
Accounting;Financial Analyst;Female;32
Accounting;Payment Adjustment Coordinator;Female;7
Accounting;Senior Cost Accountant;Female;136
Accounting;Senior Financial Analyst;Female;12
Accounting;Staff Accountant I;Female;180
Accounting;Staff Accountant II;Female;34
Accounting;Staff Accountant III;Female;39
Accounting;Staff Accountant IV;Female;51
Accounting;Structural Engineer;Female;13
Accounting;Tax Accountant;Female;115
Accounting;VP Accounting;Female;33
Accounting;Accountant I;Male;45
Accounting;Accountant II;Male;38
Accounting;Accountant III;Male;37
Accounting;Accountant IV;Male;43
Accounting;Accounting Assistant I;Male;42
Accounting;Accounting Assistant II;Male;47
Accounting;Accounting Assistant III;Male;34
Accounting;Accounting Assistant IV;Male;41
Accounting;Actuary;Male;14
Accounting;Administrative Assistant I;Male;3
Accounting;Administrative Assistant II;Male;1
Accounting;Administrative Assistant III;Male;2
Accounting;Administrative Assistant IV;Male;4
Accounting;Administrative Officer;Male;12
Accounting;Budget/Accounting Analyst I;Male;70
Accounting;Budget/Accounting Analyst II;Male;85
Accounting;Budget/Accounting Analyst III;Male;75
Accounting;Budget/Accounting Analyst IV;Male;82
Accounting;Cost Accountant;Male;152
Accounting;Financial Advisor;Male;12
Accounting;Financial Analyst;Male;27
Accounting;Payment Adjustment Coordinator;Male;13
Accounting;Senior Cost Accountant;Male;152
Accounting;Senior Financial Analyst;Male;16
Accounting;Staff Accountant I;Male;226
Accounting;Staff Accountant II;Male;38
Accounting;Staff Accountant III;Male;43
Accounting;Staff Accountant IV;Male;39
Accounting;Structural Engineer;Male;13
Accounting;Tax Accountant;Male;157
Accounting;VP Accounting;Male;38
Accounting;Accountant I;Non-Conforming;2
Accounting;Accountant II;Non-Conforming;2
Accounting;Accountant III;Non-Conforming;3
Accounting;Accountant IV;Non-Conforming;2
Accounting;Accounting Assistant I;Non-Conforming;3
Accounting;Accounting Assistant II;Non-Conforming;2
Accounting;Accounting Assistant III;Non-Conforming;3
Accounting;Administrative Assistant I;Non-Conforming;1
Accounting;Administrative Officer;Non-Conforming;1
Accounting;Budget/Accounting Analyst I;Non-Conforming;2
Accounting;Budget/Accounting Analyst II;Non-Conforming;3
Accounting;Budget/Accounting Analyst III;Non-Conforming;5
Accounting;Budget/Accounting Analyst IV;Non-Conforming;5
Accounting;Cost Accountant;Non-Conforming;11
Accounting;Financial Advisor;Non-Conforming;2
Accounting;Financial Analyst;Non-Conforming;2
Accounting;Senior Cost Accountant;Non-Conforming;9
Accounting;Staff Accountant I;Non-Conforming;9
Accounting;Staff Accountant II;Non-Conforming;3
Accounting;Staff Accountant III;Non-Conforming;8
Accounting;Staff Accountant IV;Non-Conforming;3
Accounting;Tax Accountant;Non-Conforming;5
Auditing;Internal Auditor;Female;22
Auditing;Internal Auditor;Male;22
Business Development;Business Analyst;Female;255
Business Development;Business Development Manager;Female;1
Business Development;Human Resources Analyst II;Female;1
Business Development;Research Assistant I;Female;117
Business Development;Research Assistant II;Female;325
Business Development;Research Assistant III;Female;4
Business Development;Business Analyst;Male;271
Business Development;Business Development Manager;Male;4
Business Development;Human Resources Analyst II;Male;1
Business Development;Research Assistant I;Male;150
Business Development;Research Assistant II;Male;349
Business Development;Research Assistant III;Male;6
Business Development;Business Analyst;Non-Conforming;19
Business Development;Research Assistant I;Non-Conforming;7
Business Development;Research Assistant II;Non-Conforming;19
Engineering;Administrative Assistant I;Female;3
Engineering;Administrative Assistant II;Female;2
Engineering;Administrative Assistant III;Female;3
Engineering;Administrative Officer;Female;13
Engineering;Analog Circuit Design manager;Female;20
Engineering;Analyst Programmer;Female;164
Engineering;Assistant Manager;Female;8
Engineering;Automation Specialist I;Female;5
Engineering;Automation Specialist II;Female;7
Engineering;Automation Specialist III;Female;3
Engineering;Automation Specialist IV;Female;6
Engineering;Business Analyst;Female;26
Engineering;Business Systems Development Analyst;Female;146
Engineering;Chief Design Engineer;Female;31
Engineering;Computer Systems Analyst I;Female;41
Engineering;Computer Systems Analyst II;Female;40
Engineering;Computer Systems Analyst III;Female;29
Engineering;Computer Systems Analyst IV;Female;29
Engineering;Data Coordiator;Female;150
Engineering;Data Visualization Specialist;Female;183
Engineering;Database Administrator I;Female;32
Engineering;Database Administrator II;Female;38
Engineering;Database Administrator III;Female;41
Engineering;Database Administrator IV;Female;40
Engineering;Design Engineer;Female;15
Engineering;Developer I;Female;46
Engineering;Developer II;Female;30
Engineering;Developer III;Female;34
Engineering;Developer IV;Female;35
Engineering;Electrical Engineer;Female;16
Engineering;Engineer I;Female;4
Engineering;Engineer II;Female;1
Engineering;Engineer III;Female;1
Engineering;Engineer IV;Female;1
Engineering;Information Systems Manager;Female;15
Engineering;Mechanical Systems Engineer;Female;16
Engineering;Product Engineer;Female;14
Engineering;Programmer Analyst I;Female;41
Engineering;Programmer Analyst II;Female;42
Engineering;Programmer Analyst III;Female;34
Engineering;Programmer Analyst IV;Female;34
Engineering;Programmer I;Female;36
Engineering;Programmer II;Female;33
Engineering;Programmer III;Female;39
Engineering;Programmer IV;Female;23
Engineering;Quality Control Specialist;Female;16
Engineering;Quality Engineer;Female;12
Engineering;Recruiting Manager;Female;10
Engineering;Research Assistant I;Female;16
Engineering;Research Assistant II;Female;8
Engineering;Research Assistant III;Female;3
Engineering;Research Assistant IV;Female;3
Engineering;Research Associate;Female;8
Engineering;Senior Developer;Female;174
Engineering;Senior Financial Analyst;Female;15
Engineering;Senior Quality Engineer;Female;15
Engineering;Software Consultant;Female;137
Engineering;Software Engineer I;Female;173
Engineering;Software Engineer II;Female;36
Engineering;Software Engineer III;Female;45
Engineering;Software Engineer IV;Female;42
Engineering;Software Test Engineer I;Female;38
Engineering;Software Test Engineer II;Female;32
Engineering;Software Test Engineer III;Female;40
Engineering;Software Test Engineer IV;Female;37
Engineering;Staff Scientist;Female;15
Engineering;Statistician I;Female;5
Engineering;Statistician II;Female;7
Engineering;Statistician III;Female;3
Engineering;Statistician IV;Female;1
Engineering;Structural Analysis Engineer;Female;15
Engineering;Structural Engineer;Female;12
Engineering;Systems Administrator I;Female;152
Engineering;Systems Administrator II;Female;34
Engineering;Systems Administrator III;Female;31
Engineering;Systems Administrator IV;Female;25
Engineering;VP Quality Control;Female;11
Engineering;Web Designer I;Female;9
Engineering;Web Designer III;Female;4
Engineering;Web Designer IV;Female;4
Engineering;Web Developer I;Female;42
Engineering;Web Developer II;Female;35
Engineering;Web Developer III;Female;26
Engineering;Web Developer IV;Female;31
Engineering;Administrative Assistant I;Male;1
Engineering;Administrative Assistant II;Male;2
Engineering;Administrative Assistant III;Male;4
Engineering;Administrative Assistant IV;Male;1
Engineering;Administrative Officer;Male;14
Engineering;Analog Circuit Design manager;Male;24
Engineering;Analyst Programmer;Male;169
Engineering;Assistant Manager;Male;8
Engineering;Associate Professor;Male;1
Engineering;Automation Specialist I;Male;12
Engineering;Automation Specialist II;Male;11
Engineering;Automation Specialist III;Male;2
Engineering;Automation Specialist IV;Male;5
Engineering;Business Analyst;Male;18
Engineering;Business Systems Development Analyst;Male;157
Engineering;Chief Design Engineer;Male;30
Engineering;Computer Systems Analyst I;Male;40
Engineering;Computer Systems Analyst II;Male;46
Engineering;Computer Systems Analyst III;Male;36
Engineering;Computer Systems Analyst IV;Male;39
Engineering;Data Coordiator;Male;169
Engineering;Data Visualization Specialist;Male;222
Engineering;Database Administrator I;Male;40
Engineering;Database Administrator II;Male;46
Engineering;Database Administrator III;Male;33
Engineering;Database Administrator IV;Male;38
Engineering;Design Engineer;Male;10
Engineering;Developer I;Male;28
Engineering;Developer II;Male;27
Engineering;Developer III;Male;42
Engineering;Developer IV;Male;34
Engineering;Electrical Engineer;Male;11
Engineering;Engineer I;Male;4
Engineering;Engineer II;Male;4
Engineering;Engineer III;Male;3
Engineering;Engineer IV;Male;2
Engineering;Information Systems Manager;Male;15
Engineering;Mechanical Systems Engineer;Male;8
Engineering;Product Engineer;Male;16
Engineering;Programmer Analyst I;Male;39
Engineering;Programmer Analyst II;Male;47
Engineering;Programmer Analyst III;Male;43
Engineering;Programmer Analyst IV;Male;38
Engineering;Programmer I;Male;37
Engineering;Programmer II;Male;39
Engineering;Programmer III;Male;38
Engineering;Programmer IV;Male;33
Engineering;Quality Control Specialist;Male;12
Engineering;Quality Engineer;Male;14
Engineering;Recruiting Manager;Male;8
Engineering;Research Assistant I;Male;12
Engineering;Research Assistant II;Male;3
Engineering;Research Assistant III;Male;2
Engineering;Research Assistant IV;Male;3
Engineering;Research Associate;Male;8
Engineering;Senior Developer;Male;160
Engineering;Senior Financial Analyst;Male;12
Engineering;Senior Quality Engineer;Male;16
Engineering;Software Consultant;Male;172
Engineering;Software Engineer I;Male;180
Engineering;Software Engineer II;Male;44
Engineering;Software Engineer III;Male;47
Engineering;Software Engineer IV;Male;44
Engineering;Software Test Engineer I;Male;42
Engineering;Software Test Engineer II;Male;32
Engineering;Software Test Engineer III;Male;40
Engineering;Software Test Engineer IV;Male;46
Engineering;Staff Scientist;Male;13
Engineering;Statistician I;Male;5
Engineering;Statistician II;Male;3
Engineering;Structural Analysis Engineer;Male;13
Engineering;Structural Engineer;Male;14
Engineering;Systems Administrator I;Male;190
Engineering;Systems Administrator II;Male;36
Engineering;Systems Administrator III;Male;47
Engineering;Systems Administrator IV;Male;50
Engineering;VP Quality Control;Male;10
Engineering;Web Designer I;Male;17
Engineering;Web Designer II;Male;3
Engineering;Web Designer III;Male;5
Engineering;Web Designer IV;Male;4
Engineering;Web Developer I;Male;45
Engineering;Web Developer II;Male;37
Engineering;Web Developer III;Male;35
Engineering;Web Developer IV;Male;33
Engineering;Administrative Assistant II;Non-Conforming;1
Engineering;Administrative Officer;Non-Conforming;1
Engineering;Analog Circuit Design manager;Non-Conforming;1
Engineering;Analyst Programmer;Non-Conforming;11
Engineering;Automation Specialist I;Non-Conforming;3
Engineering;Automation Specialist II;Non-Conforming;2
Engineering;Business Analyst;Non-Conforming;4
Engineering;Business Systems Development Analyst;Non-Conforming;13
Engineering;Chief Design Engineer;Non-Conforming;2
Engineering;Computer Systems Analyst I;Non-Conforming;2
Engineering;Computer Systems Analyst II;Non-Conforming;1
Engineering;Computer Systems Analyst III;Non-Conforming;2
Engineering;Computer Systems Analyst IV;Non-Conforming;1
Engineering;Data Coordiator;Non-Conforming;14
Engineering;Data Visualization Specialist;Non-Conforming;13
Engineering;Database Administrator I;Non-Conforming;3
Engineering;Database Administrator II;Non-Conforming;1
Engineering;Database Administrator III;Non-Conforming;2
Engineering;Database Administrator IV;Non-Conforming;2
Engineering;Developer I;Non-Conforming;4
Engineering;Developer II;Non-Conforming;6
Engineering;Developer III;Non-Conforming;1
Engineering;Electrical Engineer;Non-Conforming;1
Engineering;Information Systems Manager;Non-Conforming;1
Engineering;Mechanical Systems Engineer;Non-Conforming;1
Engineering;Programmer Analyst I;Non-Conforming;4
Engineering;Programmer Analyst II;Non-Conforming;1
Engineering;Programmer Analyst IV;Non-Conforming;3
Engineering;Programmer I;Non-Conforming;6
Engineering;Programmer II;Non-Conforming;2
Engineering;Programmer IV;Non-Conforming;1
Engineering;Quality Control Specialist;Non-Conforming;1
Engineering;Recruiting Manager;Non-Conforming;2
Engineering;Research Assistant I;Non-Conforming;2
Engineering;Research Assistant IV;Non-Conforming;1
Engineering;Senior Developer;Non-Conforming;5
Engineering;Senior Quality Engineer;Non-Conforming;1
Engineering;Software Consultant;Non-Conforming;9
Engineering;Software Engineer I;Non-Conforming;9
Engineering;Software Engineer II;Non-Conforming;2
Engineering;Software Engineer III;Non-Conforming;1
Engineering;Software Engineer IV;Non-Conforming;1
Engineering;Software Test Engineer I;Non-Conforming;2
Engineering;Software Test Engineer II;Non-Conforming;3
Engineering;Software Test Engineer III;Non-Conforming;1
Engineering;Staff Scientist;Non-Conforming;2
Engineering;Systems Administrator I;Non-Conforming;8
Engineering;Systems Administrator II;Non-Conforming;2
Engineering;Systems Administrator III;Non-Conforming;2
Engineering;Systems Administrator IV;Non-Conforming;4
Engineering;Web Designer II;Non-Conforming;1
Engineering;Web Developer I;Non-Conforming;3
Engineering;Web Developer II;Non-Conforming;4
Engineering;Web Developer III;Non-Conforming;1
Human Resources;Compensation Analyst;Female;13
Human Resources;HR Manager;Female;87
Human Resources;Human Resources Analyst;Female;163
Human Resources;Human Resources Analyst II;Female;285
Human Resources;Human Resources Assistant I;Female;4
Human Resources;Human Resources Assistant II;Female;5
Human Resources;Human Resources Assistant III;Female;8
Human Resources;Human Resources Assistant IV;Female;4
Human Resources;Human Resources Manager;Female;35
Human Resources;Recruiter;Female;105
Human Resources;Senior Recruiter;Female;90
Human Resources;Compensation Analyst;Male;15
Human Resources;HR Manager;Male;102
Human Resources;Human Resources Analyst;Male;204
Human Resources;Human Resources Analyst II;Male;271
Human Resources;Human Resources Assistant I;Male;10
Human Resources;Human Resources Assistant II;Male;5
Human Resources;Human Resources Assistant III;Male;6
Human Resources;Human Resources Assistant IV;Male;6
Human Resources;Human Resources Manager;Male;26
Human Resources;Recruiter;Male;108
Human Resources;Senior Recruiter;Male;93
Human Resources;Compensation Analyst;Non-Conforming;1
Human Resources;HR Manager;Non-Conforming;2
Human Resources;Human Resources Analyst;Non-Conforming;10
Human Resources;Human Resources Analyst II;Non-Conforming;12
Human Resources;Human Resources Assistant III;Non-Conforming;1
Human Resources;Human Resources Assistant IV;Non-Conforming;1
Human Resources;Human Resources Manager;Non-Conforming;1
Human Resources;Recruiter;Non-Conforming;5
Human Resources;Senior Recruiter;Non-Conforming;8
Legal;Administrative Assistant;Female;18
Legal;Attorney;Female;13
Legal;Executive Assistant;Female;16
Legal;Legal Assistant;Female;12
Legal;Librarian;Female;8
Legal;Paralegal;Female;34
Legal;Research Assistant;Female;14
Legal;Senior Attorney;Female;17
Legal;Administrative Assistant;Male;17
Legal;Attorney;Male;23
Legal;Executive Assistant;Male;20
Legal;Legal Assistant;Male;7
Legal;Librarian;Male;17
Legal;Paralegal;Male;26
Legal;Research Assistant;Male;24
Legal;Senior Attorney;Male;20
Legal;Administrative Assistant;Non-Conforming;1
Legal;Attorney;Non-Conforming;3
Legal;Executive Assistant;Non-Conforming;1
Legal;Librarian;Non-Conforming;1
Legal;Paralegal;Non-Conforming;1
Legal;Senior Attorney;Non-Conforming;1
Marketing;Administrative Assistant II;Female;3
Marketing;Editor;Female;42
Marketing;Graphic Designer;Female;8
Marketing;Marketing Assistant;Female;4
Marketing;Marketing Manager;Female;1
Marketing;Media Manager I;Female;55
Marketing;Media Manager II;Female;21
Marketing;Office Assistant I;Female;4
Marketing;Research Associate;Female;3
Marketing;Senior Editor;Female;64
Marketing;VP Marketing;Female;15
Marketing;Web Designer I;Female;1
Marketing;Web Designer III;Female;1
Marketing;Administrative Assistant II;Male;1
Marketing;Editor;Male;43
Marketing;Graphic Designer;Male;3
Marketing;Marketing Assistant;Male;4
Marketing;Media Manager I;Male;66
Marketing;Media Manager II;Male;23
Marketing;Research Associate;Male;1
Marketing;Senior Editor;Male;70
Marketing;VP Marketing;Male;27
Marketing;Web Designer I;Male;3
Marketing;Web Designer III;Male;1
Marketing;Media Manager I;Non-Conforming;2
Marketing;Media Manager II;Non-Conforming;2
Marketing;Senior Editor;Non-Conforming;1
Product Management;Assistant Manager;Female;11
Product Management;Business Analyst;Female;27
Product Management;Chief Design Engineer;Female;7
Product Management;Design Engineer;Female;10
Product Management;General Manager;Female;7
Product Management;Product Engineer;Female;11
Product Management;Project Manager;Female;129
Product Management;Quality Control Specialist;Female;17
Product Management;Quality Engineer;Female;8
Product Management;Senior Quality Engineer;Female;15
Product Management;VP Product Management;Female;17
Product Management;Assistant Manager;Male;13
Product Management;Business Analyst;Male;25
Product Management;Chief Design Engineer;Male;9
Product Management;Design Engineer;Male;12
Product Management;General Manager;Male;11
Product Management;Product Engineer;Male;12
Product Management;Project Manager;Male;180
Product Management;Quality Control Specialist;Male;11
Product Management;Quality Engineer;Male;21
Product Management;Senior Quality Engineer;Male;9
Product Management;VP Product Management;Male;20
Product Management;Project Manager;Non-Conforming;13
Product Management;VP Product Management;Non-Conforming;1
Research and Development;Administrative Assistant II;Female;1
Research and Development;Business Analyst;Female;4
Research and Development;Chief Design Engineer;Female;2
Research and Development;Design Engineer;Female;1
Research and Development;Engineer III;Female;1
Research and Development;Information Systems Manager;Female;1
Research and Development;Operator;Female;100
Research and Development;Quality Control Specialist;Female;37
Research and Development;Quality Engineer;Female;1
Research and Development;Research Assistant I;Female;96
Research and Development;Research Associate;Female;79
Research and Development;Senior Quality Engineer;Female;35
Research and Development;Statistician I;Female;1
Research and Development;Structural Analysis Engineer;Female;7
Research and Development;Structural Engineer;Female;98
Research and Development;VP Quality Control;Female;8
Research and Development;Administrative Assistant II;Male;1
Research and Development;Administrative Assistant III;Male;1
Research and Development;Assistant Professor;Male;1
Research and Development;Chief Design Engineer;Male;1
Research and Development;Design Engineer;Male;1
Research and Development;Financial Analyst;Male;1
Research and Development;Information Systems Manager;Male;2
Research and Development;Office Assistant I;Male;2
Research and Development;Office Assistant IV;Male;1
Research and Development;Operator;Male;85
Research and Development;Product Engineer;Male;1
Research and Development;Quality Control Specialist;Male;32
Research and Development;Quality Engineer;Male;1
Research and Development;Research Assistant I;Male;92
Research and Development;Research Associate;Male;77
Research and Development;Senior Quality Engineer;Male;43
Research and Development;Statistician II;Male;1
Research and Development;Structural Analysis Engineer;Male;10
Research and Development;Structural Engineer;Male;125
Research and Development;VP Quality Control;Male;8
Research and Development;Assistant Manager;Non-Conforming;1
Research and Development;General Manager;Non-Conforming;1
Research and Development;Office Assistant II;Non-Conforming;1
Research and Development;Operator;Non-Conforming;9
Research and Development;Quality Control Specialist;Non-Conforming;3
Research and Development;Research Assistant I;Non-Conforming;3
Research and Development;Research Associate;Non-Conforming;5
Research and Development;Senior Quality Engineer;Non-Conforming;1
Research and Development;Structural Engineer;Non-Conforming;11
Research and Development;VP Quality Control;Non-Conforming;1
Sales;Account Executive;Female;238
Sales;Account Manager;Female;98
Sales;Customer Success Manager;Female;79
Sales;Director of Sales;Female;5
Sales;Pre-Sales Consultant;Female;84
Sales;Relationshiop Manager;Female;88
Sales;Sales Associate;Female;3
Sales;Sales Representative;Female;1
Sales;Senior Sales Associate;Female;5
Sales;Solutions Engineer;Female;82
Sales;Solutions Engineer Manager;Female;90
Sales;VP Sales;Female;5
Sales;Account Coordinator;Male;2
Sales;Account Executive;Male;218
Sales;Account Manager;Male;103
Sales;Customer Success Manager;Male;111
Sales;Director of Sales;Male;3
Sales;Pre-Sales Consultant;Male;107
Sales;Relationshiop Manager;Male;104
Sales;Sales Associate;Male;2
Sales;Sales Representative;Male;3
Sales;Senior Sales Associate;Male;8
Sales;Solutions Engineer;Male;113
Sales;Solutions Engineer Manager;Male;104
Sales;Account Executive;Non-Conforming;9
Sales;Account Manager;Non-Conforming;4
Sales;Customer Success Manager;Non-Conforming;6
Sales;Director of Sales;Non-Conforming;1
Sales;Pre-Sales Consultant;Non-Conforming;5
Sales;Relationshiop Manager;Non-Conforming;6
Sales;Solutions Engineer;Non-Conforming;8
Sales;Solutions Engineer Manager;Non-Conforming;4
Sales;VP Sales;Non-Conforming;1
Services;General Manager;Female;7
Services;Operator;Female;5
Services;Research Associate;Female;5
Services;Service Coordinator;Female;154
Services;Service Manager;Female;148
Services;Service Tech;Female;143
Services;Service Tech II;Female;138
Services;Service Tech III;Female;143
Services;General Manager;Male;4
Services;Operator;Male;7
Services;Research Associate;Male;6
Services;Service Coordinator;Male;147
Services;Service Manager;Male;147
Services;Service Tech;Male;151
Services;Service Tech II;Male;161
Services;Service Tech III;Male;168
Services;Service Coordinator;Non-Conforming;2
Services;Service Manager;Non-Conforming;6
Services;Service Tech;Non-Conforming;11
Services;Service Tech II;Non-Conforming;7
Services;Service Tech III;Non-Conforming;5
Support;Assistant Manager;Female;1
Support;Automation Specialist I;Female;3
Support;Automation Specialist II;Female;5
Support;Automation Specialist III;Female;3
Support;Automation Specialist IV;Female;7
Support;Community Outreach Specialist;Female;15
Support;Desktop Support Technician;Female;121
Support;Help Desk Operator;Female;44
Support;Help Desk Technician;Female;154
Support;Support Staff;Female;21
Support;Support Staff II;Female;21
Support;Support Staff III;Female;7
Support;Automation Specialist I;Male;3
Support;Automation Specialist II;Male;3
Support;Automation Specialist III;Male;3
Support;Automation Specialist IV;Male;1
Support;Community Outreach Specialist;Male;10
Support;Desktop Support Technician;Male;154
Support;Help Desk Operator;Male;36
Support;Help Desk Technician;Male;157
Support;Support Staff;Male;32
Support;Support Staff II;Male;28
Support;Support Staff III;Male;13
Support;Automation Specialist I;Non-Conforming;1
Support;Automation Specialist III;Non-Conforming;1
Support;Community Outreach Specialist;Non-Conforming;1
Support;Desktop Support Technician;Non-Conforming;16
Support;Help Desk Operator;Non-Conforming;3
Support;Help Desk Technician;Non-Conforming;7
Support;Support Staff;Non-Conforming;4
Support;Support Staff II;Non-Conforming;2
Training;Administrative Assistant I;Female;76
Training;Administrative Assistant II;Female;14
Training;Assistant Trainer;Female;80
Training;Content Developer;Female;19
Training;Content Developer II;Female;18
Training;Content Developer III;Female;25
Training;Junior Trainer;Female;80
Training;Senior Trainer;Female;76
Training;Support Staff;Female;20
Training;Trainer I;Female;88
Training;Trainer II;Female;87
Training;Trainer III;Female;77
Training;Training Manager;Female;81
Training;Administrative Assistant I;Male;91
Training;Administrative Assistant II;Male;16
Training;Assistant Trainer;Male;83
Training;Chief Design Engineer;Male;1
Training;Content Developer;Male;30
Training;Content Developer II;Male;28
Training;Content Developer III;Male;24
Training;Junior Trainer;Male;80
Training;Senior Trainer;Male;92
Training;Support Staff;Male;18
Training;Trainer I;Male;77
Training;Trainer II;Male;86
Training;Trainer III;Male;91
Training;Training Manager;Male;84
Training;VP of Training and Development;Male;1
Training;Administrative Assistant I;Non-Conforming;2
Training;Assistant Trainer;Non-Conforming;4
Training;Content Developer II;Non-Conforming;5
Training;Content Developer III;Non-Conforming;2
Training;Junior Trainer;Non-Conforming;5
Training;Senior Trainer;Non-Conforming;4
Training;Support Staff;Non-Conforming;2
Training;Trainer I;Non-Conforming;10
Training;Trainer II;Non-Conforming;3
Training;Trainer III;Non-Conforming;1
Training;Training Manager;Non-Conforming;5
